{"accuracy": 0.49905, "recall": 0.4751565340335286, "precision": 0.4938595570483888}