{"accuracy": 0.49675, "recall": 0.48609554853825, "precision": 0.48733660130718953}