{"accuracy": 0.501, "recall": 0.48886425476166484, "precision": 0.497079618813403}