{"accuracy": 0.49885, "recall": 0.47451456310679613, "precision": 0.49290891900409706}