{"accuracy": 0.50355, "recall": 0.474453290335584, "precision": 0.49968159626406283}