{"accuracy": 0.5007, "recall": 0.4802532408803135, "precision": 0.498175753153341}