{"accuracy": 0.50565, "recall": 0.07527965333064597, "precision": 0.5123456790123457}