{"accuracy": 0.49275, "recall": 0.47495734216601426, "precision": 0.49056603773584906}