{"accuracy": 0.5024, "recall": 0.492693741811952, "precision": 0.4985214642602223}