{"accuracy": 0.50315, "recall": 0.4647787967348584, "precision": 0.4992422602294869}