{"accuracy": 0.49965, "recall": 0.4839564021595192, "precision": 0.4901981015270326}